panel,row_type,peptide_id,cluster_id,outer_fold,endpoint,model,actual_log10,predicted_log10,pooled_mae_log10,spearman_rho,r_squared,ridge_mae_log10,nn_mae_log10,mae_delta_log10,ci_lower,ci_upper,confidence_level,bootstrap_resamples,bootstrap_seed
A,oof_prediction,seq_pep1,SC002,2,GCGR,component_weighted_ridge,0.5740312677277188,2.0788981995749802,0.6266288948693587,0.7395466574255684,0.6800012558111284,,,,,,,,
A,oof_prediction,seq_pep10,SC005,3,GCGR,component_weighted_ridge,0.8188854145940099,1.9030303284034196,0.6266288948693587,0.7395466574255684,0.6800012558111284,,,,,,,,
A,oof_prediction,seq_pep100,SC001,1,GCGR,component_weighted_ridge,4.462397997898956,4.277421794616902,0.6266288948693587,0.7395466574255684,0.6800012558111284,,,,,,,,
A,oof_prediction,seq_pep101,SC001,1,GCGR,component_weighted_ridge,4.146128035678238,4.328425684560699,0.6266288948693587,0.7395466574255684,0.6800012558111284,,,,,,,,
A,oof_prediction,seq_pep102,SC001,1,GCGR,component_weighted_ridge,4.445604203273597,4.295985992735821,0.6266288948693587,0.7395466574255684,0.6800012558111284,,,,,,,,
A,oof_prediction,seq_pep103,SC001,1,GCGR,component_weighted_ridge,4.515873843711679,4.3782004683889255,0.6266288948693587,0.7395466574255684,0.6800012558111284,,,,,,,,
A,oof_prediction,seq_pep104,SC001,1,GCGR,component_weighted_ridge,4.472756449317212,4.212067735190936,0.6266288948693587,0.7395466574255684,0.6800012558111284,,,,,,,,
A,oof_prediction,seq_pep105,SC001,1,GCGR,component_weighted_ridge,4.376576957056512,4.295985992735821,0.6266288948693587,0.7395466574255684,0.6800012558111284,,,,,,,,
A,oof_prediction,seq_pep106,SC001,1,GCGR,component_weighted_ridge,4.550228353055094,4.839485072604238,0.6266288948693587,0.7395466574255684,0.6800012558111284,,,,,,,,
A,oof_prediction,seq_pep107,SC001,1,GCGR,component_weighted_ridge,4.56466606425209,4.583347014562699,0.6266288948693587,0.7395466574255684,0.6800012558111284,,,,,,,,
A,oof_prediction,seq_pep108,SC001,1,GCGR,component_weighted_ridge,4.463892988985907,4.245852299690039,0.6266288948693587,0.7395466574255684,0.6800012558111284,,,,,,,,
A,oof_prediction,seq_pep109,SC001,1,GCGR,component_weighted_ridge,4.392696953259666,4.262892708804044,0.6266288948693587,0.7395466574255684,0.6800012558111284,,,,,,,,
A,oof_prediction,seq_pep11,SC005,3,GCGR,component_weighted_ridge,0.6730209071288962,1.9030303284034196,0.6266288948693587,0.7395466574255684,0.6800012558111284,,,,,,,,
A,oof_prediction,seq_pep110,SC001,1,GCGR,component_weighted_ridge,4.465382851448418,4.100987170687069,0.6266288948693587,0.7395466574255684,0.6800012558111284,,,,,,,,
A,oof_prediction,seq_pep111,SC001,1,GCGR,component_weighted_ridge,4.267171728403014,4.101334504401608,0.6266288948693587,0.7395466574255684,0.6800012558111284,,,,,,,,
A,oof_prediction,seq_pep112,SC001,1,GCGR,component_weighted_ridge,4.401400540781544,4.133589404178889,0.6266288948693587,0.7395466574255684,0.6800012558111284,,,,,,,,
A,oof_prediction,seq_pep113,SC001,1,GCGR,component_weighted_ridge,4.086359830674748,4.13324207046435,0.6266288948693587,0.7395466574255684,0.6800012558111284,,,,,,,,
A,oof_prediction,seq_pep114,SC001,1,GCGR,component_weighted_ridge,4.344392273685111,3.9806812466012778,0.6266288948693587,0.7395466574255684,0.6800012558111284,,,,,,,,
A,oof_prediction,seq_pep115,SC001,1,GCGR,component_weighted_ridge,4.3979400086720375,3.981028580315817,0.6266288948693587,0.7395466574255684,0.6800012558111284,,,,,,,,
A,oof_prediction,seq_pep116,SC001,1,GCGR,component_weighted_ridge,4.008600171761918,3.5646331991570865,0.6266288948693587,0.7395466574255684,0.6800012558111284,,,,,,,,
A,oof_prediction,seq_pep117,SC001,1,GCGR,component_weighted_ridge,3.967547976218862,3.712731457077212,0.6266288948693587,0.7395466574255684,0.6800012558111284,,,,,,,,
A,oof_prediction,seq_pep118,SC010,3,GCGR,component_weighted_ridge,1.7126497016272113,1.9212303553835905,0.6266288948693587,0.7395466574255684,0.6800012558111284,,,,,,,,
A,oof_prediction,seq_pep119,SC011,2,GCGR,component_weighted_ridge,4.457881896733992,3.3300895799377574,0.6266288948693587,0.7395466574255684,0.6800012558111284,,,,,,,,
A,oof_prediction,seq_pep12,SC005,3,GCGR,component_weighted_ridge,2.6384892569546374,2.0774716158791193,0.6266288948693587,0.7395466574255684,0.6800012558111284,,,,,,,,
A,oof_prediction,seq_pep120,SC012,3,GCGR,component_weighted_ridge,4.418301291319746,4.67073786994502,0.6266288948693587,0.7395466574255684,0.6800012558111284,,,,,,,,
A,oof_prediction,seq_pep121,SC007,2,GCGR,component_weighted_ridge,4.462397997898956,3.9676235110372557,0.6266288948693587,0.7395466574255684,0.6800012558111284,,,,,,,,
A,oof_prediction,seq_pep122,SC007,2,GCGR,component_weighted_ridge,4.468347330412158,3.815903312324136,0.6266288948693587,0.7395466574255684,0.6800012558111284,,,,,,,,
A,oof_prediction,seq_pep123,SC007,2,GCGR,component_weighted_ridge,4.469822015978163,4.169291640898773,0.6266288948693587,0.7395466574255684,0.6800012558111284,,,,,,,,
A,oof_prediction,seq_pep124,SC013,1,GCGR,component_weighted_ridge,4.465382851448418,4.285015758339695,0.6266288948693587,0.7395466574255684,0.6800012558111284,,,,,,,,
A,oof_prediction,seq_pep125,SC014,2,GCGR,component_weighted_ridge,3.0453229787866576,3.4879125024906097,0.6266288948693587,0.7395466574255684,0.6800012558111284,,,,,,,,
A,oof_prediction,seq_pep13,SC005,3,GCGR,component_weighted_ridge,1.4668676203541096,1.9090245190103214,0.6266288948693587,0.7395466574255684,0.6800012558111284,,,,,,,,
A,oof_prediction,seq_pep14,SC004,3,GCGR,component_weighted_ridge,4.447158031342219,3.9519898476134214,0.6266288948693587,0.7395466574255684,0.6800012558111284,,,,,,,,
A,oof_prediction,seq_pep15,SC004,3,GCGR,component_weighted_ridge,4.392696953259666,3.9519898476134214,0.6266288948693587,0.7395466574255684,0.6800012558111284,,,,,,,,
A,oof_prediction,seq_pep16,SC004,3,GCGR,component_weighted_ridge,4.450249108319361,3.9519898476134214,0.6266288948693587,0.7395466574255684,0.6800012558111284,,,,,,,,
A,oof_prediction,seq_pep17,SC004,3,GCGR,component_weighted_ridge,4.4031205211758175,3.9519898476134214,0.6266288948693587,0.7395466574255684,0.6800012558111284,,,,,,,,
A,oof_prediction,seq_pep18,SC004,3,GCGR,component_weighted_ridge,4.47567118832443,3.9519898476134214,0.6266288948693587,0.7395466574255684,0.6800012558111284,,,,,,,,
A,oof_prediction,seq_pep19,SC004,3,GCGR,component_weighted_ridge,4.371067862271737,4.035013665120651,0.6266288948693587,0.7395466574255684,0.6800012558111284,,,,,,,,
A,oof_prediction,seq_pep2,SC002,2,GCGR,component_weighted_ridge,1.2671717284030137,1.8244354326794616,0.6266288948693587,0.7395466574255684,0.6800012558111284,,,,,,,,
A,oof_prediction,seq_pep20,SC004,3,GCGR,component_weighted_ridge,4.399673721481038,4.035013665120651,0.6266288948693587,0.7395466574255684,0.6800012558111284,,,,,,,,
A,oof_prediction,seq_pep21,SC004,3,GCGR,component_weighted_ridge,4.41161970596323,4.0703282761592705,0.6266288948693587,0.7395466574255684,0.6800012558111284,,,,,,,,
A,oof_prediction,seq_pep22,SC004,3,GCGR,component_weighted_ridge,3.2121876044039577,4.035013665120651,0.6266288948693587,0.7395466574255684,0.6800012558111284,,,,,,,,
A,oof_prediction,seq_pep23,SC004,3,GCGR,component_weighted_ridge,4.4281347940287885,4.035013665120651,0.6266288948693587,0.7395466574255684,0.6800012558111284,,,,,,,,
A,oof_prediction,seq_pep24,SC006,3,GCGR,component_weighted_ridge,4.184691430817598,3.5673747314935516,0.6266288948693587,0.7395466574255684,0.6800012558111284,,,,,,,,
A,oof_prediction,seq_pep25,SC015,3,GCGR,component_weighted_ridge,3.8959747323590643,3.657963356749973,0.6266288948693587,0.7395466574255684,0.6800012558111284,,,,,,,,
A,oof_prediction,seq_pep26,SC006,3,GCGR,component_weighted_ridge,2.783903579272735,3.549505528512335,0.6266288948693587,0.7395466574255684,0.6800012558111284,,,,,,,,
A,oof_prediction,seq_pep27,SC016,1,GCGR,component_weighted_ridge,3.3096301674258988,3.175586014486132,0.6266288948693587,0.7395466574255684,0.6800012558111284,,,,,,,,
A,oof_prediction,seq_pep28,SC001,1,GCGR,component_weighted_ridge,4.421603926869831,4.255437208023558,0.6266288948693587,0.7395466574255684,0.6800012558111284,,,,,,,,
A,oof_prediction,seq_pep29,SC003,3,GCGR,component_weighted_ridge,4.326335860928752,3.0521665287064526,0.6266288948693587,0.7395466574255684,0.6800012558111284,,,,,,,,
A,oof_prediction,seq_pep3,SC002,2,GCGR,component_weighted_ridge,0.5453071164658241,1.6572827309509488,0.6266288948693587,0.7395466574255684,0.6800012558111284,,,,,,,,
A,oof_prediction,seq_pep30,SC003,3,GCGR,component_weighted_ridge,4.318063334962762,4.122578790121712,0.6266288948693587,0.7395466574255684,0.6800012558111284,,,,,,,,
A,oof_prediction,seq_pep31,SC003,3,GCGR,component_weighted_ridge,4.383815365980431,3.530933344473464,0.6266288948693587,0.7395466574255684,0.6800012558111284,,,,,,,,
A,oof_prediction,seq_pep32,SC003,3,GCGR,component_weighted_ridge,4.161368002234975,4.1350890886910205,0.6266288948693587,0.7395466574255684,0.6800012558111284,,,,,,,,
A,oof_prediction,seq_pep33,SC003,3,GCGR,component_weighted_ridge,4.324282455297693,4.127789678756471,0.6266288948693587,0.7395466574255684,0.6800012558111284,,,,,,,,
A,oof_prediction,seq_pep34,SC003,3,GCGR,component_weighted_ridge,3.45178643552429,3.7346254272470594,0.6266288948693587,0.7395466574255684,0.6800012558111284,,,,,,,,
A,oof_prediction,seq_pep35,SC003,3,GCGR,component_weighted_ridge,4.348304863048161,4.044814540753261,0.6266288948693587,0.7395466574255684,0.6800012558111284,,,,,,,,
A,oof_prediction,seq_pep36,SC003,3,GCGR,component_weighted_ridge,4.292256071356476,3.7330051614750994,0.6266288948693587,0.7395466574255684,0.6800012558111284,,,,,,,,
A,oof_prediction,seq_pep37,SC003,3,GCGR,component_weighted_ridge,4.303196057420489,3.5932555747085715,0.6266288948693587,0.7395466574255684,0.6800012558111284,,,,,,,,
A,oof_prediction,seq_pep38,SC003,3,GCGR,component_weighted_ridge,3.4345689040341987,3.6380313435023686,0.6266288948693587,0.7395466574255684,0.6800012558111284,,,,,,,,
A,oof_prediction,seq_pep39,SC003,3,GCGR,component_weighted_ridge,4.294466226161593,3.9920740900826095,0.6266288948693587,0.7395466574255684,0.6800012558111284,,,,,,,,
A,oof_prediction,seq_pep4,SC002,2,GCGR,component_weighted_ridge,1.7032913781186614,2.219131327341896,0.6266288948693587,0.7395466574255684,0.6800012558111284,,,,,,,,
A,oof_prediction,seq_pep40,SC003,3,GCGR,component_weighted_ridge,4.326335860928752,3.9920740900826095,0.6266288948693587,0.7395466574255684,0.6800012558111284,,,,,,,,
A,oof_prediction,seq_pep41,SC003,3,GCGR,component_weighted_ridge,4.096910013008056,3.9738728468464193,0.6266288948693587,0.7395466574255684,0.6800012558111284,,,,,,,,
A,oof_prediction,seq_pep42,SC003,3,GCGR,component_weighted_ridge,3.8356905714924254,4.212185438278949,0.6266288948693587,0.7395466574255684,0.6800012558111284,,,,,,,,
A,oof_prediction,seq_pep43,SC003,3,GCGR,component_weighted_ridge,2.8680563618230415,4.057359900286114,0.6266288948693587,0.7395466574255684,0.6800012558111284,,,,,,,,
A,oof_prediction,seq_pep44,SC003,3,GCGR,component_weighted_ridge,4.320146286111054,3.9531948793795824,0.6266288948693587,0.7395466574255684,0.6800012558111284,,,,,,,,
A,oof_prediction,seq_pep45,SC004,3,GCGR,component_weighted_ridge,4.326335860928752,4.328735221866648,0.6266288948693587,0.7395466574255684,0.6800012558111284,,,,,,,,
A,oof_prediction,seq_pep46,SC008,3,GCGR,component_weighted_ridge,2.5276299008713385,4.173197974793937,0.6266288948693587,0.7395466574255684,0.6800012558111284,,,,,,,,
A,oof_prediction,seq_pep47,SC008,3,GCGR,component_weighted_ridge,3.1583624920952498,4.409634872850797,0.6266288948693587,0.7395466574255684,0.6800012558111284,,,,,,,,
A,oof_prediction,seq_pep48,SC017,2,GCGR,component_weighted_ridge,4.552668216112194,3.54689194881718,0.6266288948693587,0.7395466574255684,0.6800012558111284,,,,,,,,
A,oof_prediction,seq_pep49,SC009,2,GCGR,component_weighted_ridge,4.424881636631067,3.3068971541648917,0.6266288948693587,0.7395466574255684,0.6800012558111284,,,,,,,,
A,oof_prediction,seq_pep5,SC002,2,GCGR,component_weighted_ridge,0.4578818967339924,2.192351151142037,0.6266288948693587,0.7395466574255684,0.6800012558111284,,,,,,,,
A,oof_prediction,seq_pep50,SC009,2,GCGR,component_weighted_ridge,4.350248018334163,3.354389562296827,0.6266288948693587,0.7395466574255684,0.6800012558111284,,,,,,,,
A,oof_prediction,seq_pep51,SC001,1,GCGR,component_weighted_ridge,4.445604203273597,4.336882111162622,0.6266288948693587,0.7395466574255684,0.6800012558111284,,,,,,,,
A,oof_prediction,seq_pep52,SC001,1,GCGR,component_weighted_ridge,4.465382851448418,4.295985992735821,0.6266288948693587,0.7395466574255684,0.6800012558111284,,,,,,,,
A,oof_prediction,seq_pep53,SC001,1,GCGR,component_weighted_ridge,4.442479769064448,4.295985992735821,0.6266288948693587,0.7395466574255684,0.6800012558111284,,,,,,,,
A,oof_prediction,seq_pep54,SC001,1,GCGR,component_weighted_ridge,4.45484486000851,4.245329436506563,0.6266288948693587,0.7395466574255684,0.6800012558111284,,,,,,,,
A,oof_prediction,seq_pep55,SC001,1,GCGR,component_weighted_ridge,4.432969290874405,4.295985992735821,0.6266288948693587,0.7395466574255684,0.6800012558111284,,,,,,,,
A,oof_prediction,seq_pep56,SC001,1,GCGR,component_weighted_ridge,4.434568904034199,4.184592074621301,0.6266288948693587,0.7395466574255684,0.6800012558111284,,,,,,,,
A,oof_prediction,seq_pep57,SC001,1,GCGR,component_weighted_ridge,1.9876662649262746,4.295985992735821,0.6266288948693587,0.7395466574255684,0.6800012558111284,,,,,,,,
A,oof_prediction,seq_pep58,SC001,1,GCGR,component_weighted_ridge,4.429752280002408,4.352320727913321,0.6266288948693587,0.7395466574255684,0.6800012558111284,,,,,,,,
A,oof_prediction,seq_pep59,SC004,3,GCGR,component_weighted_ridge,4.260071387985075,3.90398229704643,0.6266288948693587,0.7395466574255684,0.6800012558111284,,,,,,,,
A,oof_prediction,seq_pep6,SC002,2,GCGR,component_weighted_ridge,0.9164539485499251,2.115040825258921,0.6266288948693587,0.7395466574255684,0.6800012558111284,,,,,,,,
A,oof_prediction,seq_pep60,SC002,2,GCGR,component_weighted_ridge,-0.0809219076239261,1.9187447514191012,0.6266288948693587,0.7395466574255684,0.6800012558111284,,,,,,,,
A,oof_prediction,seq_pep61,SC002,2,GCGR,component_weighted_ridge,0.2013971243204515,1.9787360837092844,0.6266288948693587,0.7395466574255684,0.6800012558111284,,,,,,,,
A,oof_prediction,seq_pep62,SC002,2,GCGR,component_weighted_ridge,0.2671717284030138,1.9284128506187028,0.6266288948693587,0.7395466574255684,0.6800012558111284,,,,,,,,
A,oof_prediction,seq_pep63,SC002,2,GCGR,component_weighted_ridge,1.9299295600845878,2.3694590572631147,0.6266288948693587,0.7395466574255684,0.6800012558111284,,,,,,,,
A,oof_prediction,seq_pep64,SC002,2,GCGR,component_weighted_ridge,2.0569048513364727,2.216299833224153,0.6266288948693587,0.7395466574255684,0.6800012558111284,,,,,,,,
A,oof_prediction,seq_pep65,SC002,2,GCGR,component_weighted_ridge,2.3096301674258988,2.2931320581731125,0.6266288948693587,0.7395466574255684,0.6800012558111284,,,,,,,,
A,oof_prediction,seq_pep66,SC002,2,GCGR,component_weighted_ridge,2.59659709562646,2.4329416088333167,0.6266288948693587,0.7395466574255684,0.6800012558111284,,,,,,,,
A,oof_prediction,seq_pep67,SC002,2,GCGR,component_weighted_ridge,2.682145076373832,2.2745839730994506,0.6266288948693587,0.7395466574255684,0.6800012558111284,,,,,,,,
A,oof_prediction,seq_pep68,SC002,2,GCGR,component_weighted_ridge,3.155336037465062,2.437503176279522,0.6266288948693587,0.7395466574255684,0.6800012558111284,,,,,,,,
A,oof_prediction,seq_pep69,SC002,2,GCGR,component_weighted_ridge,1.110589710299249,2.312215480145035,0.6266288948693587,0.7395466574255684,0.6800012558111284,,,,,,,,
A,oof_prediction,seq_pep7,SC006,3,GCGR,component_weighted_ridge,1.0043213737826426,2.3009942738827127,0.6266288948693587,0.7395466574255684,0.6800012558111284,,,,,,,,
A,oof_prediction,seq_pep70,SC001,1,GCGR,component_weighted_ridge,4.450249108319361,4.11787926569793,0.6266288948693587,0.7395466574255684,0.6800012558111284,,,,,,,,
A,oof_prediction,seq_pep71,SC001,1,GCGR,component_weighted_ridge,4.551449997972875,4.102011796318572,0.6266288948693587,0.7395466574255684,0.6800012558111284,,,,,,,,
A,oof_prediction,seq_pep72,SC001,1,GCGR,component_weighted_ridge,4.041392685158225,4.366064804091911,0.6266288948693587,0.7395466574255684,0.6800012558111284,,,,,,,,
A,oof_prediction,seq_pep73,SC001,1,GCGR,component_weighted_ridge,4.222716471147583,4.470153629377734,0.6266288948693587,0.7395466574255684,0.6800012558111284,,,,,,,,
A,oof_prediction,seq_pep74,SC001,1,GCGR,component_weighted_ridge,4.549003262025788,4.435117039433128,0.6266288948693587,0.7395466574255684,0.6800012558111284,,,,,,,,
A,oof_prediction,seq_pep75,SC001,1,GCGR,component_weighted_ridge,3.8195439355418688,4.102011796318572,0.6266288948693587,0.7395466574255684,0.6800012558111284,,,,,,,,
A,oof_prediction,seq_pep76,SC001,1,GCGR,component_weighted_ridge,3.2121876044039577,4.281691627728142,0.6266288948693587,0.7395466574255684,0.6800012558111284,,,,,,,,
A,oof_prediction,seq_pep77,SC001,1,GCGR,component_weighted_ridge,4.513217600067939,4.4225255161865835,0.6266288948693587,0.7395466574255684,0.6800012558111284,,,,,,,,
A,oof_prediction,seq_pep78,SC002,2,GCGR,component_weighted_ridge,4.442479769064448,2.4993062896508498,0.6266288948693587,0.7395466574255684,0.6800012558111284,,,,,,,,
A,oof_prediction,seq_pep79,SC002,2,GCGR,component_weighted_ridge,1.8331471119127851,2.6279709665842867,0.6266288948693587,0.7395466574255684,0.6800012558111284,,,,,,,,
A,oof_prediction,seq_pep8,SC001,1,GCGR,component_weighted_ridge,4.462397997898956,4.5535571171486176,0.6266288948693587,0.7395466574255684,0.6800012558111284,,,,,,,,
A,oof_prediction,seq_pep80,SC002,2,GCGR,component_weighted_ridge,2.0043213737826426,2.6279709665842867,0.6266288948693587,0.7395466574255684,0.6800012558111284,,,,,,,,
A,oof_prediction,seq_pep81,SC002,2,GCGR,component_weighted_ridge,2.845098040014257,2.525082737931684,0.6266288948693587,0.7395466574255684,0.6800012558111284,,,,,,,,
A,oof_prediction,seq_pep82,SC002,2,GCGR,component_weighted_ridge,1.7566361082458481,2.2411078571805474,0.6266288948693587,0.7395466574255684,0.6800012558111284,,,,,,,,
A,oof_prediction,seq_pep83,SC002,2,GCGR,component_weighted_ridge,0.5550944485783191,2.428218832325341,0.6266288948693587,0.7395466574255684,0.6800012558111284,,,,,,,,
A,oof_prediction,seq_pep84,SC002,2,GCGR,component_weighted_ridge,0.7831886910752576,2.368617431353016,0.6266288948693587,0.7395466574255684,0.6800012558111284,,,,,,,,
A,oof_prediction,seq_pep85,SC002,2,GCGR,component_weighted_ridge,0.7730546933642626,2.4812701627568092,0.6266288948693587,0.7395466574255684,0.6800012558111284,,,,,,,,
A,oof_prediction,seq_pep86,SC002,2,GCGR,component_weighted_ridge,0.456366033129043,1.8969273514664615,0.6266288948693587,0.7395466574255684,0.6800012558111284,,,,,,,,
A,oof_prediction,seq_pep87,SC002,2,GCGR,component_weighted_ridge,1.14921911265538,2.144131867694915,0.6266288948693587,0.7395466574255684,0.6800012558111284,,,,,,,,
A,oof_prediction,seq_pep88,SC002,2,GCGR,component_weighted_ridge,2.941511432634403,2.320653810630094,0.6266288948693587,0.7395466574255684,0.6800012558111284,,,,,,,,
A,oof_prediction,seq_pep89,SC002,2,GCGR,component_weighted_ridge,0.414973347970818,2.089762928595727,0.6266288948693587,0.7395466574255684,0.6800012558111284,,,,,,,,
A,oof_prediction,seq_pep9,SC006,3,GCGR,component_weighted_ridge,3.374748346010104,3.2489720417082295,0.6266288948693587,0.7395466574255684,0.6800012558111284,,,,,,,,
A,oof_prediction,seq_pep90,SC002,2,GCGR,component_weighted_ridge,-0.03621217265444471,2.108759405221341,0.6266288948693587,0.7395466574255684,0.6800012558111284,,,,,,,,
A,oof_prediction,seq_pep91,SC002,2,GCGR,component_weighted_ridge,1.3222192947339193,2.141280108405352,0.6266288948693587,0.7395466574255684,0.6800012558111284,,,,,,,,
A,oof_prediction,seq_pep92,SC002,2,GCGR,component_weighted_ridge,-0.0809219076239261,2.1212105414741482,0.6266288948693587,0.7395466574255684,0.6800012558111284,,,,,,,,
A,oof_prediction,seq_pep93,SC002,2,GCGR,component_weighted_ridge,0.3242824552976926,1.813949118624159,0.6266288948693587,0.7395466574255684,0.6800012558111284,,,,,,,,
A,oof_prediction,seq_pep94,SC002,2,GCGR,component_weighted_ridge,0.4424797690644485,2.244168337057955,0.6266288948693587,0.7395466574255684,0.6800012558111284,,,,,,,,
A,oof_prediction,seq_pep95,SC002,2,GCGR,component_weighted_ridge,2.322219294733919,2.168415529746394,0.6266288948693587,0.7395466574255684,0.6800012558111284,,,,,,,,
A,oof_prediction,seq_pep96,SC001,1,GCGR,component_weighted_ridge,4.4065401804339555,4.673510859279048,0.6266288948693587,0.7395466574255684,0.6800012558111284,,,,,,,,
A,oof_prediction,seq_pep97,SC001,1,GCGR,component_weighted_ridge,4.423245873936808,3.8887390297968647,0.6266288948693587,0.7395466574255684,0.6800012558111284,,,,,,,,
A,oof_prediction,seq_pep98,SC001,1,GCGR,component_weighted_ridge,4.523746466811565,4.295638659021281,0.6266288948693587,0.7395466574255684,0.6800012558111284,,,,,,,,
A,oof_prediction,seq_pep99,SC001,1,GCGR,component_weighted_ridge,3.8830933585756897,4.295985992735821,0.6266288948693587,0.7395466574255684,0.6800012558111284,,,,,,,,
B,oof_prediction,seq_pep1,SC002,2,GLP-1R,component_weighted_ridge,2.7505083948513462,1.6386856488025805,1.0695780120593172,0.5758268969708659,0.13643655830770862,,,,,,,,
B,oof_prediction,seq_pep10,SC005,3,GLP-1R,component_weighted_ridge,0.367355921026019,0.9181447030930081,1.0695780120593172,0.5758268969708659,0.13643655830770862,,,,,,,,
B,oof_prediction,seq_pep100,SC001,1,GLP-1R,component_weighted_ridge,4.462397997898956,1.416564465299917,1.0695780120593172,0.5758268969708659,0.13643655830770862,,,,,,,,
B,oof_prediction,seq_pep101,SC001,1,GLP-1R,component_weighted_ridge,3.7323937598229686,1.4761101690835032,1.0695780120593172,0.5758268969708659,0.13643655830770862,,,,,,,,
B,oof_prediction,seq_pep102,SC001,1,GLP-1R,component_weighted_ridge,4.445604203273597,1.2390139587582776,1.0695780120593172,0.5758268969708659,0.13643655830770862,,,,,,,,
B,oof_prediction,seq_pep103,SC001,1,GLP-1R,component_weighted_ridge,4.515873843711679,1.256227206544709,1.0695780120593172,0.5758268969708659,0.13643655830770862,,,,,,,,
B,oof_prediction,seq_pep104,SC001,1,GLP-1R,component_weighted_ridge,3.733999286538387,1.242298295292461,1.0695780120593172,0.5758268969708659,0.13643655830770862,,,,,,,,
B,oof_prediction,seq_pep105,SC001,1,GLP-1R,component_weighted_ridge,3.12057393120585,1.2390139587582776,1.0695780120593172,0.5758268969708659,0.13643655830770862,,,,,,,,
B,oof_prediction,seq_pep106,SC001,1,GLP-1R,component_weighted_ridge,3.9965116721541785,1.4885612105662123,1.0695780120593172,0.5758268969708659,0.13643655830770862,,,,,,,,
B,oof_prediction,seq_pep107,SC001,1,GLP-1R,component_weighted_ridge,3.7795964912578244,1.3970539713187708,1.0695780120593172,0.5758268969708659,0.13643655830770862,,,,,,,,
B,oof_prediction,seq_pep108,SC001,1,GLP-1R,component_weighted_ridge,3.3031960574204886,1.3490567788046426,1.0695780120593172,0.5758268969708659,0.13643655830770862,,,,,,,,
B,oof_prediction,seq_pep109,SC001,1,GLP-1R,component_weighted_ridge,3.413299764081252,1.3657189570106767,1.0695780120593172,0.5758268969708659,0.13643655830770862,,,,,,,,
B,oof_prediction,seq_pep11,SC005,3,GLP-1R,component_weighted_ridge,0.17318626841227402,0.9181447030930081,1.0695780120593172,0.5758268969708659,0.13643655830770862,,,,,,,,
B,oof_prediction,seq_pep110,SC001,1,GLP-1R,component_weighted_ridge,3.950364854376123,1.1458396425986042,1.0695780120593172,0.5758268969708659,0.13643655830770862,,,,,,,,
B,oof_prediction,seq_pep111,SC001,1,GLP-1R,component_weighted_ridge,3.8048206787211623,1.1648479645970808,1.0695780120593172,0.5758268969708659,0.13643655830770862,,,,,,,,
B,oof_prediction,seq_pep112,SC001,1,GLP-1R,component_weighted_ridge,2.4983105537896004,1.2501139688761254,1.0695780120593172,0.5758268969708659,0.13643655830770862,,,,,,,,
B,oof_prediction,seq_pep113,SC001,1,GLP-1R,component_weighted_ridge,2.292256071356476,1.2311056468776487,1.0695780120593172,0.5758268969708659,0.13643655830770862,,,,,,,,
B,oof_prediction,seq_pep114,SC001,1,GLP-1R,component_weighted_ridge,0.8350561017201162,1.1761223484643988,1.0695780120593172,0.5758268969708659,0.13643655830770862,,,,,,,,
B,oof_prediction,seq_pep115,SC001,1,GLP-1R,component_weighted_ridge,0.32633586092875144,1.1951306704628752,1.0695780120593172,0.5758268969708659,0.13643655830770862,,,,,,,,
B,oof_prediction,seq_pep116,SC001,1,GLP-1R,component_weighted_ridge,0.9790929006383263,1.1742228702566806,1.0695780120593172,0.5758268969708659,0.13643655830770862,,,,,,,,
B,oof_prediction,seq_pep117,SC001,1,GLP-1R,component_weighted_ridge,-0.017728766960431602,1.2536043297835717,1.0695780120593172,0.5758268969708659,0.13643655830770862,,,,,,,,
B,oof_prediction,seq_pep118,SC010,3,GLP-1R,component_weighted_ridge,0.41664050733828095,0.5809373316926547,1.0695780120593172,0.5758268969708659,0.13643655830770862,,,,,,,,
B,oof_prediction,seq_pep119,SC011,2,GLP-1R,component_weighted_ridge,4.457881896733992,2.5845972078544825,1.0695780120593172,0.5758268969708659,0.13643655830770862,,,,,,,,
B,oof_prediction,seq_pep12,SC005,3,GLP-1R,component_weighted_ridge,1.130333768495006,0.9624654287685788,1.0695780120593172,0.5758268969708659,0.13643655830770862,,,,,,,,
B,oof_prediction,seq_pep120,SC012,3,GLP-1R,component_weighted_ridge,2.798650645445269,4.512815320264235,1.0695780120593172,0.5758268969708659,0.13643655830770862,,,,,,,,
B,oof_prediction,seq_pep121,SC007,2,GLP-1R,component_weighted_ridge,0.983175072037813,2.211458086754745,1.0695780120593172,0.5758268969708659,0.13643655830770862,,,,,,,,
B,oof_prediction,seq_pep122,SC007,2,GLP-1R,component_weighted_ridge,0.8998205024270962,2.2770808330430623,1.0695780120593172,0.5758268969708659,0.13643655830770862,,,,,,,,
B,oof_prediction,seq_pep123,SC007,2,GLP-1R,component_weighted_ridge,4.469822015978163,2.4088189249727803,1.0695780120593172,0.5758268969708659,0.13643655830770862,,,,,,,,
B,oof_prediction,seq_pep124,SC013,1,GLP-1R,component_weighted_ridge,2.776701183988411,3.336311610965916,1.0695780120593172,0.5758268969708659,0.13643655830770862,,,,,,,,
B,oof_prediction,seq_pep125,SC014,2,GLP-1R,component_weighted_ridge,4.480006942957151,1.9327114457108436,1.0695780120593172,0.5758268969708659,0.13643655830770862,,,,,,,,
B,oof_prediction,seq_pep13,SC005,3,GLP-1R,component_weighted_ridge,0.9772662124272926,1.0439683126432944,1.0695780120593172,0.5758268969708659,0.13643655830770862,,,,,,,,
B,oof_prediction,seq_pep14,SC004,3,GLP-1R,component_weighted_ridge,4.447158031342219,3.5871957056220007,1.0695780120593172,0.5758268969708659,0.13643655830770862,,,,,,,,
B,oof_prediction,seq_pep15,SC004,3,GLP-1R,component_weighted_ridge,4.392696953259666,3.5871957056220007,1.0695780120593172,0.5758268969708659,0.13643655830770862,,,,,,,,
B,oof_prediction,seq_pep16,SC004,3,GLP-1R,component_weighted_ridge,4.450249108319361,3.5871957056220007,1.0695780120593172,0.5758268969708659,0.13643655830770862,,,,,,,,
B,oof_prediction,seq_pep17,SC004,3,GLP-1R,component_weighted_ridge,4.4031205211758175,3.5871957056220007,1.0695780120593172,0.5758268969708659,0.13643655830770862,,,,,,,,
B,oof_prediction,seq_pep18,SC004,3,GLP-1R,component_weighted_ridge,4.47567118832443,3.5871957056220007,1.0695780120593172,0.5758268969708659,0.13643655830770862,,,,,,,,
B,oof_prediction,seq_pep19,SC004,3,GLP-1R,component_weighted_ridge,4.371067862271737,3.6110777930151277,1.0695780120593172,0.5758268969708659,0.13643655830770862,,,,,,,,
B,oof_prediction,seq_pep2,SC002,2,GLP-1R,component_weighted_ridge,2.741939077729199,1.3868058904717677,1.0695780120593172,0.5758268969708659,0.13643655830770862,,,,,,,,
B,oof_prediction,seq_pep20,SC004,3,GLP-1R,component_weighted_ridge,4.399673721481038,3.6110777930151277,1.0695780120593172,0.5758268969708659,0.13643655830770862,,,,,,,,
B,oof_prediction,seq_pep21,SC004,3,GLP-1R,component_weighted_ridge,4.41161970596323,3.624001258606868,1.0695780120593172,0.5758268969708659,0.13643655830770862,,,,,,,,
B,oof_prediction,seq_pep22,SC004,3,GLP-1R,component_weighted_ridge,4.380211241711606,3.6110777930151277,1.0695780120593172,0.5758268969708659,0.13643655830770862,,,,,,,,
B,oof_prediction,seq_pep23,SC004,3,GLP-1R,component_weighted_ridge,4.4281347940287885,3.6110777930151277,1.0695780120593172,0.5758268969708659,0.13643655830770862,,,,,,,,
B,oof_prediction,seq_pep24,SC006,3,GLP-1R,component_weighted_ridge,0.6910814921229684,1.2398974686467459,1.0695780120593172,0.5758268969708659,0.13643655830770862,,,,,,,,
B,oof_prediction,seq_pep25,SC015,3,GLP-1R,component_weighted_ridge,0.8779469516291882,1.217897476549351,1.0695780120593172,0.5758268969708659,0.13643655830770862,,,,,,,,
B,oof_prediction,seq_pep26,SC006,3,GLP-1R,component_weighted_ridge,0.012837224705172217,-0.011521381117130414,1.0695780120593172,0.5758268969708659,0.13643655830770862,,,,,,,,
B,oof_prediction,seq_pep27,SC016,1,GLP-1R,component_weighted_ridge,0.2855573090077737,0.6501354900140255,1.0695780120593172,0.5758268969708659,0.13643655830770862,,,,,,,,
B,oof_prediction,seq_pep28,SC001,1,GLP-1R,component_weighted_ridge,0.9405164849325672,1.1774538373307848,1.0695780120593172,0.5758268969708659,0.13643655830770862,,,,,,,,
B,oof_prediction,seq_pep29,SC003,3,GLP-1R,component_weighted_ridge,2.3138672203691533,0.9852795717541036,1.0695780120593172,0.5758268969708659,0.13643655830770862,,,,,,,,
B,oof_prediction,seq_pep3,SC002,2,GLP-1R,component_weighted_ridge,2.401400540781544,1.3068086786070334,1.0695780120593172,0.5758268969708659,0.13643655830770862,,,,,,,,
B,oof_prediction,seq_pep30,SC003,3,GLP-1R,component_weighted_ridge,1.791690649020118,1.4598027450927027,1.0695780120593172,0.5758268969708659,0.13643655830770862,,,,,,,,
B,oof_prediction,seq_pep31,SC003,3,GLP-1R,component_weighted_ridge,2.5211380837040362,2.0898936652548366,1.0695780120593172,0.5758268969708659,0.13643655830770862,,,,,,,,
B,oof_prediction,seq_pep32,SC003,3,GLP-1R,component_weighted_ridge,2.161368002234975,1.0059409466952811,1.0695780120593172,0.5758268969708659,0.13643655830770862,,,,,,,,
B,oof_prediction,seq_pep33,SC003,3,GLP-1R,component_weighted_ridge,2.403120521175818,1.2739214171435251,1.0695780120593172,0.5758268969708659,0.13643655830770862,,,,,,,,
B,oof_prediction,seq_pep34,SC003,3,GLP-1R,component_weighted_ridge,1.0863598306747482,0.8848150865435442,1.0695780120593172,0.5758268969708659,0.13643655830770862,,,,,,,,
B,oof_prediction,seq_pep35,SC003,3,GLP-1R,component_weighted_ridge,1.4456042032735976,1.2601439259751204,1.0695780120593172,0.5758268969708659,0.13643655830770862,,,,,,,,
B,oof_prediction,seq_pep36,SC003,3,GLP-1R,component_weighted_ridge,1.24551266781415,1.458979415255172,1.0695780120593172,0.5758268969708659,0.13643655830770862,,,,,,,,
B,oof_prediction,seq_pep37,SC003,3,GLP-1R,component_weighted_ridge,1.9943171526696366,1.6651043063696107,1.0695780120593172,0.5758268969708659,0.13643655830770862,,,,,,,,
B,oof_prediction,seq_pep38,SC003,3,GLP-1R,component_weighted_ridge,0.8208579894396999,1.659770106554745,1.0695780120593172,0.5758268969708659,0.13643655830770862,,,,,,,,
B,oof_prediction,seq_pep39,SC003,3,GLP-1R,component_weighted_ridge,2.960470777534299,1.7325146672908924,1.0695780120593172,0.5758268969708659,0.13643655830770862,,,,,,,,
B,oof_prediction,seq_pep4,SC002,2,GLP-1R,component_weighted_ridge,0.7803173121401513,1.3308735782092025,1.0695780120593172,0.5758268969708659,0.13643655830770862,,,,,,,,
B,oof_prediction,seq_pep40,SC003,3,GLP-1R,component_weighted_ridge,1.944975908412048,1.7325146672908924,1.0695780120593172,0.5758268969708659,0.13643655830770862,,,,,,,,
B,oof_prediction,seq_pep41,SC003,3,GLP-1R,component_weighted_ridge,2.369215857410143,1.7262317471842472,1.0695780120593172,0.5758268969708659,0.13643655830770862,,,,,,,,
B,oof_prediction,seq_pep42,SC003,3,GLP-1R,component_weighted_ridge,0.919078092376074,1.3081437448956876,1.0695780120593172,0.5758268969708659,0.13643655830770862,,,,,,,,
B,oof_prediction,seq_pep43,SC003,3,GLP-1R,component_weighted_ridge,0.4623979978989561,1.1243097925754761,1.0695780120593172,0.5758268969708659,0.13643655830770862,,,,,,,,
B,oof_prediction,seq_pep44,SC003,3,GLP-1R,component_weighted_ridge,0.8656960599160706,2.0151487209484196,1.0695780120593172,0.5758268969708659,0.13643655830770862,,,,,,,,
B,oof_prediction,seq_pep45,SC004,3,GLP-1R,component_weighted_ridge,3.778151250383644,3.1009423395773217,1.0695780120593172,0.5758268969708659,0.13643655830770862,,,,,,,,
B,oof_prediction,seq_pep46,SC008,3,GLP-1R,component_weighted_ridge,2.617000341120899,5.801740021787068,1.0695780120593172,0.5758268969708659,0.13643655830770862,,,,,,,,
B,oof_prediction,seq_pep47,SC008,3,GLP-1R,component_weighted_ridge,1.714329759745233,5.415185258548486,1.0695780120593172,0.5758268969708659,0.13643655830770862,,,,,,,,
B,oof_prediction,seq_pep48,SC017,2,GLP-1R,component_weighted_ridge,2.88930170250631,1.3046605487835456,1.0695780120593172,0.5758268969708659,0.13643655830770862,,,,,,,,
B,oof_prediction,seq_pep49,SC009,2,GLP-1R,component_weighted_ridge,4.424881636631067,2.304269028322091,1.0695780120593172,0.5758268969708659,0.13643655830770862,,,,,,,,
B,oof_prediction,seq_pep5,SC002,2,GLP-1R,component_weighted_ridge,2.376576957056512,1.435174071335538,1.0695780120593172,0.5758268969708659,0.13643655830770862,,,,,,,,
B,oof_prediction,seq_pep50,SC009,2,GLP-1R,component_weighted_ridge,3.8135809885681917,2.34366140373743,1.0695780120593172,0.5758268969708659,0.13643655830770862,,,,,,,,
B,oof_prediction,seq_pep51,SC001,1,GLP-1R,component_weighted_ridge,1.2624510897304295,1.3195824021842473,1.0695780120593172,0.5758268969708659,0.13643655830770862,,,,,,,,
B,oof_prediction,seq_pep52,SC001,1,GLP-1R,component_weighted_ridge,0.7767011839884108,1.2390139587582776,1.0695780120593172,0.5758268969708659,0.13643655830770862,,,,,,,,
B,oof_prediction,seq_pep53,SC001,1,GLP-1R,component_weighted_ridge,3.041392685158225,1.2390139587582776,1.0695780120593172,0.5758268969708659,0.13643655830770862,,,,,,,,
B,oof_prediction,seq_pep54,SC001,1,GLP-1R,component_weighted_ridge,1.6580113966571124,1.1984765769731682,1.0695780120593172,0.5758268969708659,0.13643655830770862,,,,,,,,
B,oof_prediction,seq_pep55,SC001,1,GLP-1R,component_weighted_ridge,1.6095944092252201,1.2390139587582776,1.0695780120593172,0.5758268969708659,0.13643655830770862,,,,,,,,
B,oof_prediction,seq_pep56,SC001,1,GLP-1R,component_weighted_ridge,0.3654879848908996,1.2209742098898637,1.0695780120593172,0.5758268969708659,0.13643655830770862,,,,,,,,
B,oof_prediction,seq_pep57,SC001,1,GLP-1R,component_weighted_ridge,1.8530895298518655,1.2390139587582776,1.0695780120593172,0.5758268969708659,0.13643655830770862,,,,,,,,
B,oof_prediction,seq_pep58,SC001,1,GLP-1R,component_weighted_ridge,0.24551266781414982,1.2841684983038022,1.0695780120593172,0.5758268969708659,0.13643655830770862,,,,,,,,
B,oof_prediction,seq_pep59,SC004,3,GLP-1R,component_weighted_ridge,4.260071387985075,3.65150122789335,1.0695780120593172,0.5758268969708659,0.13643655830770862,,,,,,,,
B,oof_prediction,seq_pep6,SC002,2,GLP-1R,component_weighted_ridge,3.2068258760318495,1.7123006659185243,1.0695780120593172,0.5758268969708659,0.13643655830770862,,,,,,,,
B,oof_prediction,seq_pep60,SC002,2,GLP-1R,component_weighted_ridge,0.5037906830571811,1.16011903865874,1.0695780120593172,0.5758268969708659,0.13643655830770862,,,,,,,,
B,oof_prediction,seq_pep61,SC002,2,GLP-1R,component_weighted_ridge,0.8356905714924255,1.2440431265262837,1.0695780120593172,0.5758268969708659,0.13643655830770862,,,,,,,,
B,oof_prediction,seq_pep62,SC002,2,GLP-1R,component_weighted_ridge,0.8388490907372553,1.2275572981529197,1.0695780120593172,0.5758268969708659,0.13643655830770862,,,,,,,,
B,oof_prediction,seq_pep63,SC002,2,GLP-1R,component_weighted_ridge,0.741151598851785,1.0743230819062137,1.0695780120593172,0.5758268969708659,0.13643655830770862,,,,,,,,
B,oof_prediction,seq_pep64,SC002,2,GLP-1R,component_weighted_ridge,0.4548448600085102,1.2531137240130388,1.0695780120593172,0.5758268969708659,0.13643655830770862,,,,,,,,
B,oof_prediction,seq_pep65,SC002,2,GLP-1R,component_weighted_ridge,0.5010592622177514,1.3614581115871593,1.0695780120593172,0.5758268969708659,0.13643655830770862,,,,,,,,
B,oof_prediction,seq_pep66,SC002,2,GLP-1R,component_weighted_ridge,0.5899496013257077,1.0974895520162633,1.0695780120593172,0.5758268969708659,0.13643655830770862,,,,,,,,
B,oof_prediction,seq_pep67,SC002,2,GLP-1R,component_weighted_ridge,0.6989700043360189,1.0363358557726285,1.0695780120593172,0.5758268969708659,0.13643655830770862,,,,,,,,
B,oof_prediction,seq_pep68,SC002,2,GLP-1R,component_weighted_ridge,1.290034611362518,1.3953388129163753,1.0695780120593172,0.5758268969708659,0.13643655830770862,,,,,,,,
B,oof_prediction,seq_pep69,SC002,2,GLP-1R,component_weighted_ridge,0.5670263661590604,1.1639308993580824,1.0695780120593172,0.5758268969708659,0.13643655830770862,,,,,,,,
B,oof_prediction,seq_pep7,SC006,3,GLP-1R,component_weighted_ridge,0.02530586526477026,-0.004889504462556538,1.0695780120593172,0.5758268969708659,0.13643655830770862,,,,,,,,
B,oof_prediction,seq_pep70,SC001,1,GLP-1R,component_weighted_ridge,3.12057393120585,1.206220716508492,1.0695780120593172,0.5758268969708659,0.13643655830770862,,,,,,,,
B,oof_prediction,seq_pep71,SC001,1,GLP-1R,component_weighted_ridge,3.278753600952829,1.2404625945766292,1.0695780120593172,0.5758268969708659,0.13643655830770862,,,,,,,,
B,oof_prediction,seq_pep72,SC001,1,GLP-1R,component_weighted_ridge,4.041392685158225,1.7822184118342932,1.0695780120593172,0.5758268969708659,0.13643655830770862,,,,,,,,
B,oof_prediction,seq_pep73,SC001,1,GLP-1R,component_weighted_ridge,2.734799829588847,1.531631237952288,1.0695780120593172,0.5758268969708659,0.13643655830770862,,,,,,,,
B,oof_prediction,seq_pep74,SC001,1,GLP-1R,component_weighted_ridge,2.4771212547196626,1.5161518146585584,1.0695780120593172,0.5758268969708659,0.13643655830770862,,,,,,,,
B,oof_prediction,seq_pep75,SC001,1,GLP-1R,component_weighted_ridge,3.3138672203691533,1.2404625945766292,1.0695780120593172,0.5758268969708659,0.13643655830770862,,,,,,,,
B,oof_prediction,seq_pep76,SC001,1,GLP-1R,component_weighted_ridge,2.515873843711679,1.5791605719044028,1.0695780120593172,0.5758268969708659,0.13643655830770862,,,,,,,,
B,oof_prediction,seq_pep77,SC001,1,GLP-1R,component_weighted_ridge,3.0211892990699383,1.8755158860424221,1.0695780120593172,0.5758268969708659,0.13643655830770862,,,,,,,,
B,oof_prediction,seq_pep78,SC002,2,GLP-1R,component_weighted_ridge,3.439332693830263,1.3600446231289602,1.0695780120593172,0.5758268969708659,0.13643655830770862,,,,,,,,
B,oof_prediction,seq_pep79,SC002,2,GLP-1R,component_weighted_ridge,0.4638929889859073,1.2622295646765185,1.0695780120593172,0.5758268969708659,0.13643655830770862,,,,,,,,
B,oof_prediction,seq_pep8,SC001,1,GLP-1R,component_weighted_ridge,1.7649229846498886,1.7936214353389324,1.0695780120593172,0.5758268969708659,0.13643655830770862,,,,,,,,
B,oof_prediction,seq_pep80,SC002,2,GLP-1R,component_weighted_ridge,0.6304278750250238,1.2622295646765185,1.0695780120593172,0.5758268969708659,0.13643655830770862,,,,,,,,
B,oof_prediction,seq_pep81,SC002,2,GLP-1R,component_weighted_ridge,0.6211762817750351,1.3396736768107673,1.0695780120593172,0.5758268969708659,0.13643655830770862,,,,,,,,
B,oof_prediction,seq_pep82,SC002,2,GLP-1R,component_weighted_ridge,0.5693739096150459,0.917277286469525,1.0695780120593172,0.5758268969708659,0.13643655830770862,,,,,,,,
B,oof_prediction,seq_pep83,SC002,2,GLP-1R,component_weighted_ridge,0.5888317255942073,1.0220262600722638,1.0695780120593172,0.5758268969708659,0.13643655830770862,,,,,,,,
B,oof_prediction,seq_pep84,SC002,2,GLP-1R,component_weighted_ridge,0.5132176000679389,1.1620245076618447,1.0695780120593172,0.5758268969708659,0.13643655830770862,,,,,,,,
B,oof_prediction,seq_pep85,SC002,2,GLP-1R,component_weighted_ridge,0.4471580313422192,1.294524631002561,1.0695780120593172,0.5758268969708659,0.13643655830770862,,,,,,,,
B,oof_prediction,seq_pep86,SC002,2,GLP-1R,component_weighted_ridge,0.9547247909790629,1.1887402890026197,1.0695780120593172,0.5758268969708659,0.13643655830770862,,,,,,,,
B,oof_prediction,seq_pep87,SC002,2,GLP-1R,component_weighted_ridge,1.021189299069938,1.0385993315089457,1.0695780120593172,0.5758268969708659,0.13643655830770862,,,,,,,,
B,oof_prediction,seq_pep88,SC002,2,GLP-1R,component_weighted_ridge,1.3654879848908996,1.2136339967841836,1.0695780120593172,0.5758268969708659,0.13643655830770862,,,,,,,,
B,oof_prediction,seq_pep89,SC002,2,GLP-1R,component_weighted_ridge,0.9731278535996987,1.1551800372909216,1.0695780120593172,0.5758268969708659,0.13643655830770862,,,,,,,,
B,oof_prediction,seq_pep9,SC006,3,GLP-1R,component_weighted_ridge,1.0530784434834197,1.0191390416368182,1.0695780120593172,0.5758268969708659,0.13643655830770862,,,,,,,,
B,oof_prediction,seq_pep90,SC002,2,GLP-1R,component_weighted_ridge,0.8075350280688532,1.4036105373029217,1.0695780120593172,0.5758268969708659,0.13643655830770862,,,,,,,,
B,oof_prediction,seq_pep91,SC002,2,GLP-1R,component_weighted_ridge,0.8549130223078556,1.4033000756056047,1.0695780120593172,0.5758268969708659,0.13643655830770862,,,,,,,,
B,oof_prediction,seq_pep92,SC002,2,GLP-1R,component_weighted_ridge,0.6503075231319364,1.4010734471475719,1.0695780120593172,0.5758268969708659,0.13643655830770862,,,,,,,,
B,oof_prediction,seq_pep93,SC002,2,GLP-1R,component_weighted_ridge,0.19589965240923374,0.9916178669933451,1.0695780120593172,0.5758268969708659,0.13643655830770862,,,,,,,,
B,oof_prediction,seq_pep94,SC002,2,GLP-1R,component_weighted_ridge,0.7979596437371961,1.3258559634713558,1.0695780120593172,0.5758268969708659,0.13643655830770862,,,,,,,,
B,oof_prediction,seq_pep95,SC002,2,GLP-1R,component_weighted_ridge,4.2455126678141495,1.4011156868227852,1.0695780120593172,0.5758268969708659,0.13643655830770862,,,,,,,,
B,oof_prediction,seq_pep96,SC001,1,GLP-1R,component_weighted_ridge,2.957128197676813,2.2479604737974297,1.0695780120593172,0.5758268969708659,0.13643655830770862,,,,,,,,
B,oof_prediction,seq_pep97,SC001,1,GLP-1R,component_weighted_ridge,3.225309281725863,1.0435787839275579,1.0695780120593172,0.5758268969708659,0.13643655830770862,,,,,,,,
B,oof_prediction,seq_pep98,SC001,1,GLP-1R,component_weighted_ridge,4.523746466811565,1.2200056367598011,1.0695780120593172,0.5758268969708659,0.13643655830770862,,,,,,,,
B,oof_prediction,seq_pep99,SC001,1,GLP-1R,component_weighted_ridge,3.797959643737196,1.2390139587582778,1.0695780120593172,0.5758268969708659,0.13643655830770862,,,,,,,,
C,paired_mae_comparison,,,,GCGR,ridge_minus_tied_1nn,,,,,,0.6266288948693587,0.7687827351016461,-0.1421538402322873,-0.7790162421387624,0.18216244113397465,0.95,10000,20260820
C,paired_mae_comparison,,,,GLP-1R,ridge_minus_tied_1nn,,,,,,1.0695780120593172,1.177839122708687,-0.10826111064936973,-0.7273762818433716,0.2489188883238488,0.95,10000,20260820
C,paired_mae_comparison,,,,Selectivity,ridge_minus_tied_1nn,,,,,,1.1357306936819258,1.0948322102545507,0.04089848342737513,-0.13855903823374047,0.22907842839579742,0.95,10000,20260820
