peptide_id,design_group,parent_cluster_id,external_sequence_component_id,nearest_development_component_ids,linked_component_id,linked_development_component_ids,aligned_sequence,nearest_identity,nearest_tie_count,nearest_donor_ids,selected_alpha,ridge_gcgr_log10_ec50_pm,ridge_glp1r_log10_ec50_pm,ridge_selectivity_log10_ratio,nn_gcgr_log10_ec50_pm,nn_glp1r_log10_ec50_pm,nn_selectivity_log10_ratio,median_gcgr_log10_ec50_pm,median_glp1r_log10_ec50_pm,median_selectivity_log10_ratio,component_mean_gcgr_log10_ec50_pm,component_mean_glp1r_log10_ec50_pm,component_mean_selectivity_log10_ratio
P1,dual,PC001,EC001,SC002,LC001,SC002,HSQGTFTSDYSKYLDSRAASEFVQWLISH-,0.9655172413793104,1,seq_pep93,10.0,0.9868330997153905,1.012508198632634,-0.02567509891724362,0.3242824552976926,0.19589965240923374,0.12838280288845888,4.184691430817598,1.944975908412048,2.2397155224055503,3.5165467303546323,2.257673641631622,1.2588730887230102
P2,dual,PC002,EC001,SC002,LC001,SC002,HSQGTFTSDYSKYLDSRRAYEFVEWLLSG-,0.896551724137931,1,seq_pep60,10.0,0.9057788891216734,1.1041500819342698,-0.1983711928125964,-0.0809219076239261,0.5037906830571811,-0.5847125906811073,4.184691430817598,1.944975908412048,2.2397155224055503,3.5165467303546323,2.257673641631622,1.2588730887230102
P3,dual,PC002,EC001,SC002,LC001,SC002,HSQGTFTSDYSKYLDSRRAYEFVEWLISL-,0.896551724137931,2,seq_pep60;seq_pep62,10.0,0.8860914681476029,1.4421004774480433,-0.5560090093004404,0.09312491038954385,0.6713198868972182,-0.5781949765076744,4.184691430817598,1.944975908412048,2.2397155224055503,3.5165467303546323,2.257673641631622,1.2588730887230102
P4,dual,PC002,EC001,SC002,LC001,SC002,HSQGTFTSDYYKYLDSRRAYEFVEWLISG-,0.896551724137931,1,seq_pep60,10.0,0.9022095692329031,1.3625943555902111,-0.46038478635730806,-0.0809219076239261,0.5037906830571811,-0.5847125906811073,4.184691430817598,1.944975908412048,2.2397155224055503,3.5165467303546323,2.257673641631622,1.2588730887230102
P5,dual,PC002,EC001,SC002,LC001,SC002,HSQGTFTSDYSKYLDSRRAYEFVEWLGSG-,0.896551724137931,1,seq_pep60,10.0,1.007555933330556,1.3775603500023812,-0.37000441667182526,-0.0809219076239261,0.5037906830571811,-0.5847125906811073,4.184691430817598,1.944975908412048,2.2397155224055503,3.5165467303546323,2.257673641631622,1.2588730887230102
P6,gcgr_selective,PC003,EC002,SC002,LC001,SC002,HSQGTFTSDYSKYLDSRRAQDFGQWLEAEE,0.9666666666666667,1,seq_pep6,10.0,1.3128258541053905,1.995558030643922,-0.6827321765385315,0.9164539485499251,3.2068258760318495,-2.2903719274819245,4.184691430817598,1.944975908412048,2.2397155224055503,3.5165467303546323,2.257673641631622,1.2588730887230102
P7,gcgr_selective,PC003,EC002,SC002,LC001,SC002,HSQGTFTSDYDKYLDSRRAQIFQQWLEAEE,0.9,1,seq_pep6,10.0,1.2543746666384927,1.8197142352174773,-0.5653395685789846,0.9164539485499251,3.2068258760318495,-2.2903719274819245,4.184691430817598,1.944975908412048,2.2397155224055503,3.5165467303546323,2.257673641631622,1.2588730887230102
P8,gcgr_selective,PC003,EC002,SC002,LC001,SC002,HSQGTFTSDYDKYLDSRRAHDQVQWLEAEE,0.9,1,seq_pep6,10.0,1.1390386370104006,1.7157602686646125,-0.5767216316542119,0.9164539485499251,3.2068258760318495,-2.2903719274819245,4.184691430817598,1.944975908412048,2.2397155224055503,3.5165467303546323,2.257673641631622,1.2588730887230102
P9,gcgr_selective,PC003,EC002,SC002,LC001,SC002,HSQGTFTSDYDKYLDSRRAQCFQQWLEAEE,0.9,1,seq_pep6,10.0,1.1669543171778272,1.784451650117801,-0.6174973329399738,0.9164539485499251,3.2068258760318495,-2.2903719274819245,4.184691430817598,1.944975908412048,2.2397155224055503,3.5165467303546323,2.257673641631622,1.2588730887230102
P10,gcgr_selective,PC003,EC002,SC002,LC001,SC002,HSQGTFTSDYDKYLDSRRAQTFRQWLEAEE,0.9,1,seq_pep6,10.0,1.2543746666384927,1.8197142352174773,-0.5653395685789846,0.9164539485499251,3.2068258760318495,-2.2903719274819245,4.184691430817598,1.944975908412048,2.2397155224055503,3.5165467303546323,2.257673641631622,1.2588730887230102
P11,glp1r_selective,PC004,EC003,SC001,LC002,SC001,HAEGTFTSDVASYLEGQAAKEFIPWLVKGR,0.9666666666666667,1,seq_pep58,10.0,4.293977075156385,2.3653691724415045,1.9286079027148806,4.429752280002408,0.24551266781414982,4.184239612188258,4.184691430817598,1.944975908412048,2.2397155224055503,3.5165467303546323,2.257673641631622,1.2588730887230102
P12,glp1r_selective,PC005,EC004,SC006,LC003,SC006,YSQGTFTSDYSAYLEEEAVRFFINWLLAG-,0.896551724137931,1,seq_pep7,10.0,2.2027183287183347,0.04072635164267702,2.1619919770756577,1.0043213737826426,0.02530586526477026,0.9790155085178723,4.184691430817598,1.944975908412048,2.2397155224055503,3.5165467303546323,2.257673641631622,1.2588730887230102
P13,glp1r_selective,PC005,EC004,SC006,LC003,SC006,YSQGTFTSDYSAYLEEEAVRDFITWLLAG-,0.896551724137931,1,seq_pep7,10.0,2.1580705792859103,0.12425061305713658,2.0338199662287737,1.0043213737826426,0.02530586526477026,0.9790155085178723,4.184691430817598,1.944975908412048,2.2397155224055503,3.5165467303546323,2.257673641631622,1.2588730887230102
P14,glp1r_selective,PC005,EC004,SC006,LC003,SC006,YSQGTFTSDYSAYLEEEAVRNFIWWLLAG-,0.896551724137931,1,seq_pep7,10.0,2.1205833029746084,-0.026320096392269843,2.1469033993668782,1.0043213737826426,0.02530586526477026,0.9790155085178723,4.184691430817598,1.944975908412048,2.2397155224055503,3.5165467303546323,2.257673641631622,1.2588730887230102
P15,glp1r_selective,PC005,EC004,SC006,LC003,SC006,YSQGTFTSDYSAYLEEEAVRDFIDWLLAG-,0.896551724137931,1,seq_pep7,10.0,2.148831554658621,0.1386312667638423,2.010200287894779,1.0043213737826426,0.02530586526477026,0.9790155085178723,4.184691430817598,1.944975908412048,2.2397155224055503,3.5165467303546323,2.257673641631622,1.2588730887230102
