pdb_id,receptor,ligand,benchmark_role,experimental_method,resolution_angstrom,title,initial_release_date,receptor_entity_id,receptor_auth_chains,ligand_entity_id,ligand_auth_chains,study_doi,pdb_doi,coordinate_url,modification_note,query_status
6X18,GLP-1R,GLP-1,native_anchor,ELECTRON MICROSCOPY,2.1,GLP-1 peptide hormone bound to Glucagon-Like peptide-1 (GLP-1) Receptor,2020-09-09T00:00:00.000+00:00,6,R,5,P,10.1016/j.molcel.2020.09.020,10.2210/pdb6X18/pdb,https://files.rcsb.org/download/6X18.cif,native peptide,resolved
6LMK,GCGR,Glucagon,native_anchor,ELECTRON MICROSCOPY,3.7,Cryo-EM structure of the human glucagon receptor in complex with Gs,2020-04-01T00:00:00.000+00:00,5,R,6,E,10.1126/science.aaz5346,10.2210/pdb6LMK/pdb,https://files.rcsb.org/download/6LMK.cif,native peptide,resolved
7VBH,GLP-1R,Peptide 20,paired_primary,ELECTRON MICROSCOPY,3.0,Cryo-EM structure of the GIPR/GLP-1R/GCGR triagonist peptide 20-bound human GLP-1R-Gs complex,2022-04-06T00:00:00.000+00:00,4,R,3,P,10.1038/s41467-022-28683-0,10.2210/pdb7VBH/pdb,https://files.rcsb.org/download/7VBH.cif,Aib and lipid-linked chemistry present,resolved
7V35,GCGR,Peptide 20,paired_primary,ELECTRON MICROSCOPY,3.5,Cryo-EM structure of the GIPR/GLP-1R/GCGR triagonist peptide 20-bound human GCGR-Gs complex,2022-03-02T00:00:00.000+00:00,6,R,5,P,10.1038/s41467-022-28683-0,10.2210/pdb7V35/pdb,https://files.rcsb.org/download/7V35.cif,Aib and lipid-linked chemistry present,resolved
7FIN,GIPR,Peptide 20,context_only,ELECTRON MICROSCOPY,3.1,Cryo-EM structure of the GIPR/GLP-1R/GCGR triagonist peptide 20-bound human GIPR-Gs complex,2022-02-23T00:00:00.000+00:00,1,R,2,P,10.1038/s41467-022-28683-0,10.2210/pdb7FIN/pdb,https://files.rcsb.org/download/7FIN.cif,GIPR has no matched labels in the 125-peptide dataset,resolved
7FIM,GLP-1R,Tirzepatide,secondary_structure,ELECTRON MICROSCOPY,3.4,Cryo-EM structure of the tirzepatide (LY3298176)-bound human GLP-1R-Gs complex,2022-03-02T00:00:00.000+00:00,4,R,6,P,10.1038/s41467-022-28683-0,10.2210/pdb7FIM/pdb,https://files.rcsb.org/download/7FIM.cif,Aib and lipidation complicate predictor input,resolved
7FIY,GIPR,Tirzepatide,context_only,ELECTRON MICROSCOPY,3.4,Cryo-EM structure of the tirzepatide-bound human GIPR-Gs complex,2022-03-02T00:00:00.000+00:00,1,R,2,P,10.1038/s41467-022-28683-0,10.2210/pdb7FIY/pdb,https://files.rcsb.org/download/7FIY.cif,GIPR has no matched labels in the 125-peptide dataset,resolved
8YW3,GLP-1R,Retatrutide,secondary_structure,ELECTRON MICROSCOPY,2.68,Cryo-EM structure of the retatrutide-bound human GLP-1R-Gs complex,2024-09-18T00:00:00.000+00:00,4,R,6,P,10.1038/s41421-024-00700-0,10.2210/pdb8YW3/pdb,https://files.rcsb.org/download/8YW3.cif,noncanonical residues and lipidation require explicit handling,resolved
8YW5,GCGR,Retatrutide,secondary_structure,ELECTRON MICROSCOPY,2.84,Cryo-EM structure of the retatrutide-bound human GCGR-Gs complex,2024-08-07T00:00:00.000+00:00,2,R,1,P,10.1038/s41421-024-00700-0,10.2210/pdb8YW5/pdb,https://files.rcsb.org/download/8YW5.cif,noncanonical residues and lipidation require explicit handling,resolved
8YW4,GIPR,Retatrutide,context_only,ELECTRON MICROSCOPY,3.26,Cryo-EM structure of the retatrutide-bound human GIPR-Gs complex,2024-09-18T00:00:00.000+00:00,5,R,6,P,10.1038/s41421-024-00700-0,10.2210/pdb8YW4/pdb,https://files.rcsb.org/download/8YW4.cif,GIPR has no matched labels in the 125-peptide dataset,resolved
